Workbook

Sheet Tableau de bord
A1: benka — carnet de commandes
A2: Tout se calcule depuis la feuille « Commandes ». Saisissez-y vos ventes, ou collez une exportation du site.
A4: D'un coup d'œil
A5: Commandes reçues | B5: =COUNTA(Commandes!$B$2:$B$501) -> 0
A6: À traiter | B6: =COUNTIF(Commandes!$C$2:$C$501,"Nouvelle")+COUNTIF(Commandes!$C$2:$C$501,"Confirmée") -> 0
A7: Chiffre d'affaires | B7: =SUMIF(Commandes!$C$2:$C$501,"<>Annulée",Commandes!$N$2:$N$501) -> 0
A8: Panier moyen | B8: =IFERROR(SUMIF(Commandes!$C$2:$C$501,"<>Annulée",Commandes!$N$2:$N$501)/MAX(1,COUNTA(Commandes!$B$2:$B$501)-COUNTIF(Commandes!$C$2:$C$501,"Annulée")),0) -> 0
A9: Reste à encaisser | B9: =SUMIFS(Commandes!$N$2:$N$501,Commandes!$Q$2:$Q$501,"Non",Commandes!$C$2:$C$501,"<>Annulée") -> 0
A11: Par statut | B11: Commandes | C11: Montant
A12: Nouvelle | B12: =COUNTIF(Commandes!$C$2:$C$501,"Nouvelle") -> 0 | C12: =SUMIF(Commandes!$C$2:$C$501,"Nouvelle",Commandes!$N$2:$N$501) -> 0
A13: Confirmée | B13: =COUNTIF(Commandes!$C$2:$C$501,"Confirmée") -> 0 | C13: =SUMIF(Commandes!$C$2:$C$501,"Confirmée",Commandes!$N$2:$N$501) -> 0
A14: Expédiée | B14: =COUNTIF(Commandes!$C$2:$C$501,"Expédiée") -> 0 | C14: =SUMIF(Commandes!$C$2:$C$501,"Expédiée",Commandes!$N$2:$N$501) -> 0
A15: Livrée | B15: =COUNTIF(Commandes!$C$2:$C$501,"Livrée") -> 0 | C15: =SUMIF(Commandes!$C$2:$C$501,"Livrée",Commandes!$N$2:$N$501) -> 0
A16: Annulée | B16: =COUNTIF(Commandes!$C$2:$C$501,"Annulée") -> 0 | C16: =SUMIF(Commandes!$C$2:$C$501,"Annulée",Commandes!$N$2:$N$501) -> 0
A18: Par modèle | B18: Commandes | C18: Prix unitaire
A19: Opus | B19: =COUNTIF(Commandes!$K$2:$K$501,"*Opus*") -> 0 | C19: 259
A23: Comment s’en servir
A24: · Une commande arrive : ajoutez une ligne dans « Commandes ». Les chiffres ci-dessus suivent tout seuls.
A25: · La colonne Statut et la colonne Payée se choisissent dans une liste déroulante.
A26: · Depuis le site : espace commandes → Exporter Excel, puis copiez les lignes sous l’en-tête.
A27: · Les colonnes A à P sont exactement celles du site. Q et R sont à vous.

Sheet Commandes
A1: Reçue le | B1: Référence | C1: Statut | D1: Nom | E1: Téléphone | F1: E-mail | G1: Adresse | H1: Code postal | I1: Ville | J1: Pays | K1: Articles | L1: Sous-total | M1: Livraison | N1: Total | O1: Devise | P1: Note | Q1: Payée | R1: Suivi

Sheet Catalogue
A1: Modèle | B1: Description | C1: Prix | D1: Coloris | E1: Pointures
A2: Opus | B2: Mocassin-mule à bride penny | C2: 259 | D2: Beige, Gris, Marine, Rose, Marron, Tabac, Noir | E2: 37 · 38 · 39 · 40 · 41
A4: Livraison | B4: Offerte dès 400 DH, sinon | C4: 35
A5: Si vous changez un prix ici, changez-le aussi sur le site (src/scripts/02-catalogue.js) et dans integrations/tableur.gs.

Sheet Stock
A1: Modèle | B1: P. 37 | C1: P. 38 | D1: P. 39 | E1: P. 40 | F1: P. 41 | G1: Total
A2: Opus | B2: 0 | C2: 0 | D2: 0 | E2: 0 | F2: 0 | G2: =SUM(B2:F2) -> 0
A3: Total | B3: =SUM(B2:B2) -> 0 | C3: =SUM(C2:C2) -> 0 | D3: =SUM(D2:D2) -> 0 | E3: =SUM(E2:E2) -> 0 | F3: =SUM(F2:F2) -> 0 | G3: =SUM(G2:G2) -> 0
A5: Paires disponibles, par modèle et par pointure. À tenir à jour à la main.
